"neighbourh","NAME_LATIN"
"Cyclades Paros","D. PAROY_1"
"Corinthia Vocha","K. BRAXATIOY"
"Athens - South Nea Smyrni","D. NEAS SMYRNHS"
"Thessaloniki - Suburbs Thermi","K. UERMHS"
"Kavala Prefecture Thasos","D. UASOY_2"
"Chalkidiki Kassandra","D. KASSANDREIAS"
"Athens - South Vari - Varkiza","D. BARHS_1"
"Samos Prefecture Ikaria","D. AGIOY KHRYKOY"
"Athens - Center Gazi - Metaxourgio - Votanikos","D. AUHNAIVN"
"Athens - South Glyfada","D. GLYFADAS"
"Arcadia Tripoli","D. TRIPOLEVS_2"
"Thessaloniki - Suburbs Evosmos","D. EYOSMOY"
"Athens - North Kifissia","D. KHFISIAS"
"Dodecanese Rhodes","D. RODOY (EPI THS OMVNYMOY NHSOY)_1"
"Pieria Prefecture Korinos","K. KORINOY"
"Arta Prefecture Peta","K. PETA_2"
"Kavala Prefecture Kavala","D. KABALAS"
"Thessaloniki - Suburbs Thermaikos","K. PERAIAS_2"
"Achaia Patra","D. PATREVN"
"Thessaloniki - Suburbs Vasilika","K. SOYRVTHS"
"Chalkidiki Sithonia","K. NIKHTHS (NIKHTA)_1"
"Athens - Center Exarchia - Neapoli","D. AUHNAIVN"
"Athens - Center Kolonos - Kolokynthous","D. AUHNAIVN"
"Chalkidiki Pallini","K. PEYKOXVRIOY"
"Athens - Center Neos Kosmos","D. AUHNAIVN"
"Athens - Center Kentro","D. AUHNAIVN"
"Athens - North Chalandri","D. XALANDRIOY"
"Rest of Attica Keratea","D. KERATEAS_1"
"Piraeus suburbs Nikaia","D. NIKAIAS"
"Athens - Center Gizi - Pedion Areos","D. AUHNAIVN"
"Heraklion Prefecture Gazi","K. GAZIOY"
"Athens - West Ilion","D. NEVN LIOSIVN"
"Rest of Attica Saronida","K. SARVNIDOS_1"
"Thessaloniki - Municipality Ano Poli","D. UESSALONIKHS"
"Thessaloniki - Suburbs Epanomi","K. EPANOMHS"
"Athens - Center Pagkrati","D. AUHNAIVN"
"Athens - South Alimos","D. ALIMOY"
"Thessaloniki - Municipality Analipsi - Mpotsari - Nea Paralia","D. UESSALONIKHS"
"Thessaloniki - Suburbs Echedoros","D. SINDOY"
"Serres Prefecture Serres","D. SERRVN"
"Lefkada Prefecture Lefkada","D. LEYKADOS_1"
"Kavala Prefecture Eleitheres","K. NEAS PERAMOY_2"
"Aetolia & Acarnania Agrinio","D. AGRINIOY_1"
"Lesvos Prefecture Lesvos - Mithimna","D. MHUYMNHS"
"Thessaloniki - Municipality Center of Thessaloniki","D. UESSALONIKHS"
"Evros Alexandroupoli","D. ALEJANDROYPOLEVS"
"Athens - Center Ilisia","D. AUHNAIVN"
"Athens - South Agios Dimitrios","D. AGIOY DHMHTRIOY"
"Athens - North Ekali","K. EKALHS"
"Corinthia Nemea","K. NEMEAS"
"Argosaronikos islands Hydra","D. YDRAS_1"
"Athens - East Marathonas","D. MARAUVNOS_1"
"Phthiotis Lamia","D. LAMIEVN"
"Chania Prefecture Nea Kidonia","D. NEAS KYDVNIAS"
"Chania Prefecture Kissamos","D. KISSAMOY"
"Athens - East Nea Makri","D. NEAS MAKRHS"
"Athens - North Papagou","D. PAPAGOY"
"Ioannina Prefecture Pamvotida","K. KATSIKA"
"Chania Prefecture Chania","D. XANIVN"
"Rest of Attica Anavissos","K. ANABYSSOY_1"
"Thessaloniki - Suburbs Oreokastro","K. VRAIOKASTROY_2"
"Corfu Prefecture Corfu","D. KERKYRAIVN_1"
"Kavala Prefecture Orfano","K. KARIANHS"
"Athens - West Galatsi","D. GALATSIOY"
"Athens - Center Petralona","D. AUHNAIVN"
"Rethymno Prefecture Foinikas","K. MYRUIOY"
"Cyclades Milos","D. MHLOY_4"
"Messinia Gargalianoi","D. GARGALIANVN"
"Karditsa Prefecture Karditsa","D. KARDITSHS"
"Zante Laganas","K. LIUAKIAS"
"Argolis Kranidi","D. KRANIDIOY_1"
"Dodecanese Simi","D. SYMHS (NHSOS)_5"
"Athens - South Kalithea","D. KALLIUEAS"
"Athens - Center Ampelokipoi - Pentagon","D. AUHNAIVN"
"Chania Prefecture Vamos","K. BAMOY"
"Argolis Nafplio","D. NAYPLIEVN_1"
"Thessaloniki - Suburbs Kalamaria","D. KALAMARIAS"
"Argolis Asini","K. TOLOY_2"
"Athens - South Voula","D. BOYLAS_1"
"Athens - East Gerakas","D. GERAKA"
"Achaia Rio","K. AGIOY BASILEIOY_3"
"Messinia Thouria","K. UOYRIAS"
"Cyclades Santorini","K. OIAS"
"Imathia Naousa","D. NAOYSHS"
"Athens - South Elliniko","D. ELLHNIKOY"
"Messinia Koroni","K. KORVNHS_1"
"Lasithi Prefecture Neapoli","K. MILATOY"
"Heraklion Prefecture Arkalochori","K. ARKALOXVRIOY"
"Corinthia Loutraki-Perachora","D. LOYTRAKIOY PERAXVRAS_5"
"Athens - West Peristeri","D. PERISTERIOY"
"Piraeus Kallipoli - Freattida","D. PEIRAIVS_1"
"Argosaronikos islands Salamina","D. SALAMINOS (NHSOS)_1"
"Magnesia Volos","D. BOLOY"
"Athens - West Nea Ionia","D. NEAS IVNIAS_1"
"Drama Prefecture Doxato","K. AGIOY AUANASIOY_3"
"Pieria Prefecture Katerini","D. KATERINHS_2"
"Cyclades Andros","D. ANDROY"
"Corinthia Saronikos","K. GALATAKIOY"
"Athens - South Zografou","D. ZVGRAFOY"
"Lefkada Prefecture Meganisi","D. MEGANHSIOY_4"
"Kefallinia Prefecture Ithaki","D. IUAKHS_20"
"Heraklion Prefecture Heraclion Cretes","D. HRAKLEIOY_2"
"Thessaloniki - Municipality Voulgari - Ntepo - Martiou","D. UESSALONIKHS"
"Zante Main town area","K. ARGASIOY"
"Xanthi Prefecture Xanthi","D. JANUHS"
"Athens - East Paiania","D. PAIANIAS"
"Chios Prefecture Chios","D. XIOY (EPI THS OMVNYMOY NHSOY)"
"Athens - Center Patision - Acharnon","D. AUHNAIVN"
"Cyclades Mykonos","D. MYKONIVN (NHSOS MYKONOS)_1"
"Thessaloniki - Municipality Toumpa","D. UESSALONIKHS"
"Achaia Akrata","D. AKRATAS"
"Athens - West Chaidari","D. XAIDARIOY"
"Athens - West Petroupoli","D. PETROYPOLEVS"
"Rest of Attica Kalivia Thorikou","K. KALYBIVN UORIKOY_1"
"Chalkidiki Stagiron - Akanthou","D. IERISSOY_1"
"Rest of Attica Palaia Fokaia","K. PALAIAS FVKAIAS"
"Zante Elatio","K. BOLIMVN_1"
"Piraeus Kaminia - Palaia Kokkinia","D. PEIRAIVS_1"
"Athens - North Vrilissia","D. BRILHSSIVN"
"Athens - South Vouliagmeni","D. BOYLIAGMENHS_1"
"Athens - North Dionisos","K. DIONYSOY_1"
"Athens - West Acharnes","D. AXARNVN"
"Athens - Center Kolonaki - Lykavittos","D. AUHNAIVN"
"Thessaloniki - Suburbs Panorama","K. PANORAMATOS_4"
"Corinthia Assos-Lechaio","K. PERIGIALIOY"
"Evia Aidipsos","D. LOYTRVN AIDHCOY"
"Athens - East Koropi","D. KRVPIAS_1"
"Thessaloniki - Suburbs Neapoli","D. NEAPOLEVS_3"
"Corinthia Korinthos","D. KORINUOY"
"Piraeus Kastella - Passalimani","D. PEIRAIVS_1"
"Argosaronikos islands Abelakia","K. SELHNIVN (NHSOS SALAMINA)"
"Cyclades Serifos","K. SERIFOY (EDRA THS OMVNYMOY NHSOY)_3"
"Piraeus suburbs Perama","D. PERAMATOS_1"
"Piraeus suburbs Tavros","D. TAYROY"
"Lesvos Prefecture Lesvos - Mitilini","D. MYTILHNHS"
"Thessaloniki - Suburbs Pylea","D. PYLAIAS"
"Evia Chalkida","D. XALKIDEVN"
"Piraeus Piraiki - Chatzikyriakio","D. PEIRAIVS_1"
"Magnesia Aisonia","K. DIMHNIOY_2"
"Imathia Veroia","D. BEROIAS"
"Corinthia Sikiona","D. SIKYVNOS (KIATOY)"
"Messinia Lefktros","K. NEOXVRIOY_65"
"Chania Prefecture Akrotiri","K. KOYNOYPIDIANVN"
"Cyclades Syros","D. ERMOYPOLEVS_1"
"Corinthia Soligeia","K. SOFIKOY_3"
"Cyclades Naxos - Drimalia","K. DAMARIVNOS"
"Piraeus suburbs Agios Ioannis Rentis","D. AGIOY IVANNOY RENTH"
"Piraeus Center - Port","D. PEIRAIVS_1"
"Corfu Prefecture Paxoi","K. GAIOY_1"
"Thessaloniki - Suburbs Migdonia","K. MELISSOXVRIOY_4"
"Messinia Avia","K. ABIAS"
"Messinia Kalamata","D. KALAMATAS"
"Thessaloniki - Suburbs Mikra","K. TRILOFOY_4"
"Thessaloniki - Suburbs Kallithea","K. NEOXVROYDAS_1"
"Rest of Attica Rafina","K. RAFHNAS"
"Achaia Paralia","K. PARALIAS_1"
"Athens - Center Kipseli","D. AUHNAIVN"
"Argosaronikos islands Aegina","D. AIGINHS_13"
"Athens - East Artemida (Loutsa)","K. ARTEMIDOS_1"
"Heraklion Prefecture Archanes","D. ARXANVN"
"Thessaloniki - Municipality Faliro - Ippokratio","D. UESSALONIKHS"
"Rethymno Prefecture Lampi","K. AKOYMIVN"
"Argosaronikos islands Spetses","D. SPETSVN (NHSOS)_2"
"Piraeus suburbs Moschato","D. MOSXATOY"
"Imathia Anthemia","K. EPISKOPHS_3"
"Athens - East Glika Nera","K. GLYKVN NERVN"
"Argolis Nea Tirintha","K. AGIOY ADRIANOY"
"Arcadia North Kinouria","K. PARALIOY ASTROYS"
"Athens - Center Attiki","D. AUHNAIVN"
"Lasithi Prefecture Siteia","D. SHTEIAS_5"
"Athens - North Filothei","D. FILOUEHS"
"Zante Arkadi","K. KALIPADOY"
"Chalkidiki Triglia","K. NEAS TRIGLIAS"
"Thessaloniki - Suburbs Eleftherio-Kordelio","D. ELEYUERIOY-KORDELIOY (ELEYUERIOY)"
"Achaia Larissos","K. LAKKOPETRAS"
"Chalkidiki Moudania","K. NEAS POTEIDAIAS"
"Cyclades Tinos","K. TRIANTAROY"
"Rest of Attica Ano Liosia","D. ANV LIOSIVN"
"Rest of Attica Markopoulo","D. MARKOPOYLOY MESOGAIAS_1"
"Athens - North Agia Paraskevi","D. AGIAS PARASKEYHS"
"Heraklion Prefecture Gouves","D. GOYBVN"
"Thessaloniki - Rest of Prefecture Agios Georgios","K. ASPROBALTAS"
"Pieria Prefecture Methoni","K. PALAIOY ELEYUEROXVRIOY"
"Chania Prefecture Souda","D. SOYDAS_1"
"Lasithi Prefecture Agios Nikolaos","K. ELOYNTAS_1"
"Rest of Attica Mandra","D. MANDRAS"
"Rest of Attica Lavrio","D. LAYREVTIKHS_1"
"Lakonia Sparti","D. SPARTIATVN"
"Samos Prefecture Samos","D. KARLOBASIVN"
"Achaia Aigio","D. AIGIOY"
"Rethymno Prefecture Geropotamos","K. MELIDONIOY_1"
"Rest of Attica Sounio","D. LAYREVTIKHS_1"
"Boeotia Arachova","D. ARAXOBHS"
"Athens - South Palaio Faliro","D. PALAIOY FALHROY"
"Phthiotis Malesina","K. MALESINHS"
"Thessaloniki - Rest of Prefecture Koufalia","D. KOYFALIVN"
"Rodopi Prefecture Komotini","D. KOMOTHNHS"
"Corinthia Xilokastro","D. JYLOKASTROY"
"Evia Amarinthos","K. AMARYNUOY"
"Messinia Methoni","K. MEUVNHS_1"
"Athens - Center Mets - Kalimarmaro","D. AUHNAIVN"
"Thessaloniki - Suburbs Ampelokipoi","D. AMPELOKHPVN"
"Rethymno Prefecture Nikiforos Fokas","K. PRINE"
"Piraeus suburbs Koridallos","D. KORYDALLOY"
"Thessaloniki - Municipality Vardaris - Lahanokipi","D. UESSALONIKHS"
"Cyclades Sifnos","K. APOLLVNIAS (NHSOS SIFNOS)_1"
"Argolis Lerna","K. MYLVN_3"
"Fokida Parnassos","K. EPTALOFOY_2"
"Magnesia Portaria","K. PORTARIAS_1"
"Fokida Galaxidi","D. GALAJIDIOY_1"
"Heraklion Prefecture Mallia","D. MALIVN"
"Evia Istiaia","D. ISTIAIAS"
"Thessaloniki - Municipality Sfageia - Ichthyoskala","D. UESSALONIKHS"
"Xanthi Prefecture Vistonida","K. DIOMHDEIAS"
"Athens - East Pallini","D. PALLHNHS"
"Athens - East Spata","D. SPATVN LOYTSAS"
"Thessaloniki - Suburbs Michaniona","K. NEAS MHXANIVNAS"
"Evia Kirea","K. BLAXIAS_1"
"Athens - North Cholargos","D. XOLARGOY"
"Cyclades Naxos","K. SAGKRIOY_1"
"Corinthia Velo","K. KOKKVNIOY"
"Athens - North Stamata","K. STAMATAS"
"Piraeus suburbs Keratsini","D. KERATSINIOY"
"Corinthia Agioi Theodoroi","K. AGIVN UEODVRVN_1"
"Piraeus suburbs Drapetsona","D. DRAPETSVNAS"
"Kilkis Prefecture Kilkis","D. KILKIS"
"Ioannina Prefecture Ioannina","D. IVANNITVN"
"Dodecanese Astypalea","D. ASTYPALAIAS (NHSOS)_1"
"Athens - North Neo Psychiko","D. NEOY CYXIKOY"
"Magnesia Nea Agchialos","K. NEAS AGXIALOY_1"
"Pieria Prefecture Pieria","K. ELATOXVRIOY_2"
"Athens - South Ilioupoli","D. HLIOYPOLEVS"
"Serres Prefecture Amfipoli","K. NEVN KERDYLIVN"
"Athens - North Drossia","K. DROSIAS_1"
"Athens - North Nea Penteli","K. NEAS PENTELHS"
"Pella Giannitsa","D. GIANNITSVN"
"Magnesia Artemida","K. KATV LEXVNIVN"
"Ioannina Prefecture Perama","K. KRYAS"
"Athens - West Metamorfosi","D. METAMORFVSEVS"
"Cyclades Kea","K. IOYLIDOS (KEAS)"
"Chalkidiki Kallikrateia","K. NEAS KALLIKRATEIAS"
"Heraklion Prefecture Nea Alikarnassos","D. NEAS ALIKARNASSOY"
"Rest of Attica Afidnes","K. AFIDNVN"
"Magnesia Nea Ionia Volou","D. NEAS IVNIAS_2"
"Xanthi Prefecture Stavroupoli","K. GERAKA"
"Athens - Center Historic Center","D. AUHNAIVN"
"Thessaloniki - Rest of Prefecture Arethousa","K. AREUOYSHS_1"
"Athens - North Iraklio","D. HRAKLEIOY_1"
"Cyclades Amorgos","K. AIGIALHS (NHSOS AMORGOS)"
"Magnesia Argalasti","K. ARGALASTHS"
"Athens - West Nea Philadelfia","D. NEAS FILADELFEIAS"
"Argosaronikos islands Trizina","K. DRYOPHS"
"Evia Karistos","D. KARYSTOY_1"
"Athens - North Paleo Psichiko","D. CYXIKOY"
"Rodopi Prefecture Maroneia","K. PROSKYNHTVN"
"Rodopi Prefecture Aigeiros","K. MESHS_3"
"Dodecanese Kos","K. KARDAMAINHS"
"Athens - West Aigaleo","D. AIGALEV"
"Chania Prefecture Armenoi","K. KALYBVN"
"Florina Prefecture Florina","D. FLVRINHS"
"Thessaloniki - Suburbs Chortiatis","K. XORTIATH"
"Athens - West Agioi Anargiroi","D. AGIVN ANARGYRVN"
"Evia Stira","K. NEVN STYRVN"
"Boeotia Dervenochoria","K. SKOYRTVN"
"Kozani Prefecture Kozani","D. KOZANHS"
"Boeotia Akraifnia","K. KOKKINOY_1"
"Kavala Prefecture Filippoi","K. AMYGDALEVNOS"
"Athens - Center Poligono - Tourkovounia","D. AUHNAIVN"
"Athens - South Vironas","D. BYRVNOS"
"Lesvos Prefecture Lesvos - Kalloni","K. KERAMIOY"
"Boeotia Thiva","D. UHBAIVN"
"Rest of Attica Com. Kapandriti","K. KAPANDRITIOY"
"Rest of Attica Pikermi","K. PIKERMIOY"
"Thessaloniki - Suburbs Î. Agiou Pavlou","D. AGIOY PAYLOY"
"Pieria Prefecture Easts Olimpos","K. LEPTOKARYAS_2"
"Thessaloniki - Suburbs Polichni","D. POLIXNHS"
"Chalkidiki Poligiros","D. POLYGYROY"
"Magnesia Makrinitsa","K. MAKRINITSHS_1"
"Achaia Erineo","K. KAMARVN_1"
"Lesvos Prefecture Lesvos - Mantamados","K. MANTAMADOY_1"
"Rest of Attica Elefsina","D. ELEYSINOS"
"Athens - Center Ano Patisia","D. AUHNAIVN"
"Trikala Prefecture Trikala","D. TRIKKAIVN"
"Athens - West Kamatero","D. KAMATEROY"
"Athens - North Nea Erithraia","D. NEAS ERYURAIAS"
"Messinia Kiparissia","D. KYPARISSIAS"
"Chania Prefecture El. Venizelos","K. NEROKOYROY"
"Argolis Ermioni","K. ERMIONHS_1"
"Kefallinia Prefecture Kefalonia","K. FISKARDOY_1"
"Chania Prefecture Voukolies","K. TAYRVNITOY"
"Rest of Attica Com. Malakasa","K. MALAKASHS"
"Lesvos Prefecture Lesvos - Polichnitos","D. POLIXNITOY_1"
"Magnesia Trikeri","K. TRIKERIOY_7"
"Serres Prefecture Kerkini","K. ANV POROIVN"
"Thessaloniki - Rest of Prefecture Agios Athanasios","K. AGIOY AUANASIOY_4"
"Achaia Kalavrita","D. KALABRYTVN"
"Pieria Prefecture Litochoro","D. LITOXVROY"
"Messinia Meligala","D. MELIGALA"
"Chania Prefecture Kolimvari","K. KOLYMBARIOY"
"Arcadia Apollonas","K. TYROY"
"Thessaloniki - Suburbs Stavroupoli","D. STAYROYPOLEVS_1"
"Cyclades Antiparos","K. ANTIPAROY (NHSOS)_5"
"Achaia Messatida","K. SARABALIOY"
"Evrytania Fragkista","K. PALAIOXVRIOY_1"
"Piraeus Neo Faliro","D. PEIRAIVS_1"
"Boeotia Davleia","K. DAYLEIAS"
"Magnesia Milies","K. MHLEVN_3"
"Athens - East Varnavas","K. BARNABA"
"Lasithi Prefecture Ierapetra","D. IERAPETRAS_1"
"Messinia Petalidi","K. PETALIDIOY"
"Athens - South Kaisariani","D. KAISARIANHS"
"Argolis Argos","D. ARGOYS"
"Lesvos Prefecture Lesvos - Loutropoli Thermis","K. MISTEGNVN"
"Magnesia Iolkos","D. IVLKOY"
"Chania Prefecture Platanias","K. GERANIOY_1"
"Larissa Prefecture Larisa","D. LARISHS"
"Athens - North Marousi","D. AMAROYSIOY"
"Heraklion Prefecture Chersonisos","K. XERSONHSOY"
"Athens - Center Patisia","D. AUHNAIVN"
"Rethymno Prefecture Rethimno","D. REUYMNHS"
"Achaia Dytikis Achaias","D. KATV AXAIAS"
"Thessaloniki - Rest of Prefecture Lagkadas","D. LAGKADA"
"Achaia Movri","K. LIMNOXVRIOY_1"
"Lesvos Prefecture Lesvos - Geras","K. SKOPELOY_1"
"Thessaloniki - Suburbs Efkarpia","K. EYKARPIAS_2"
"Sporades Skopelos","D. SKOPELOY (EPI THS OMVNYMOY NHSOY)_1"
"Boeotia Inofita","K. OINOFYTVN"
"Athens - South Argyroupoli","D. ARGYROYPOLEVS"
"Messinia Îetou","K. KOPANAKIOY"
"Magnesia Sipiada","K. LAYKOY_1"
"Kilkis Prefecture Cherso","K. PLAGIAS_1"
"Argosaronikos islands Poros","D. POROY (NHSOS)_2"
"Rest of Attica Kalamos","K. KALAMOY"
"Thessaloniki - Municipality 40 Ekklisies - Evaggelistria","D. UESSALONIKHS"
"Thesprotia Margariti","K. MARGARITIOY"
"Evros Vissa","K. KABYLHS"
"Pella Edessa","D. EDESSHS"
"Heraklion Prefecture Nikos Kazantzakis","K. KOYNABVN"
"Cyclades Kythnos","K. KYUNOY (NHSOS)_1"
"Aetolia & Acarnania Chalkeia","K. GALATA_3"
"Evia Anthidonos","K. LOYKISIVN_2"
"Messinia Messini","K. MADENHS"
"Imathia Dovra","K. PATRIDOS"
"Rest of Attica Com. Nea Palatia","K. NEVN PALATIVN_3"
"Athens - North Krioneri","K. KRYONERIOY_1"
"Lakonia Mistras","K. MYSTRA"
"Pieria Prefecture Pidna","K. ALVNIVN_2"
"Evia Nea Artaki","D. NEAS ARTAKHS"
"Thessaloniki - Rest of Prefecture Egnatia","K. SXOLARIOY"
"Achaia Diakopto","K. DIAKOPTOY"
"Cyclades Folegandros","K. FOLEGANDROY (NHSOS)_1"
"Athens - Center Sepolia - Skouze","D. AUHNAIVN"
"Kilkis Prefecture Pikrolimni","K. MIKROKAMPOY_1"
"Pieria Prefecture Paralia","K. KALLIUEAS_24"
"Boeotia Livadeia","D. LEBADEVN"
"Dodecanese Karpathos","D. KARPAUOY (EPI THS OMVNYMOY NHSOY)_1"
"Thesprotia Sivota","K. SYBOTVN_2"
"Phthiotis Kamena Vourla","D. KAMENVN BOYRLVN"
"Messinia Arfara","K. ARFARVN"
"Pella Skidra","D. SKYDRAS_1"
"Thessaloniki - Municipality Charilaou","D. UESSALONIKHS"
"Evia Messapia","D. CAXNVN_1"
"Heraklion Prefecture Viannos","K. XONDROY"
"Thesprotia Igoumenitsa","D. HGOYMENITSHS_1"
"Athens - East Anthousa","K. ANUOYSHS_1"
"Athens - Center Koukaki - Makrygianni","D. AUHNAIVN"
"Phthiotis Stilida","D. STYLIDOS"
"Argolis Epidavros","K. PALAIAS EPIDAYROY (ARXAIAS)"
"Magnesia Agria","K. AGRIAS"
"Phthiotis Îchineon","K. RAXVN_1"
"Magnesia Mouresi","K. TSAGKARADAS"
"Kastoria Prefecture Kastoria","D. KASTORIAS"
"Rest of Attica Megara","D. MEGAREVN_1"
"Aetolia & Acarnania Kekropia (Palairou)","K. PALAIROY"
"Athens - North Penteli","K. PENTELHS"
"Thessaloniki - Rest of Prefecture Assiros","K. ASSHROY"
"Rest of Attica Oropos","K. VRVPOY_1"
"Thessaloniki - Suburbs Menemeni","D. MENEMENHS"
"Athens - South Dafni","D. DAFNHS_1"
"Ilia Amaliada","D. AMALIADOS"
"Evrytania Karpenisi","D. KARPENHSIOY"
"Preveza Prefecture Parga","D. PARGAS"
"Rest of Attica Aspropirgos","D. ASPROPYRGOY"
"Evia Nilea","K. AGIAS ANNHS_2"
"Kavala Prefecture Keramoti","K. KERAMVTHS_1"
"Magnesia Zagora","K. ZAGORAS"
"Phthiotis Agios Konstantinos","K. AGIOY KVNSTANTINOY_3"
"Phthiotis Amfikleia","K. JYLIKVN"
"Rodopi Prefecture Sapes","D. SAPVN"
"Lakonia Monemvasia","K. NOMIVN_1"
"Ilia Pirgos","D. PYRGOY"
"Rethymno Prefecture Arkadi","K. PHGHS_4"
"Fokida Itea","D. ITEAS_1"
"Zante Artemisio","K. KOILIVMENOY (AGIOY NIKOLAOY)_1"
"Piraeus Tabouria - Agia Sofia","D. PEIRAIVS_1"
"Lakonia Githeio","D. GYUEIOY"
"Achaia Vrachneika","K. BRAXNAIIKVN"
"Kilkis Prefecture Evropos","K. TOYMPAS_1"
"Preveza Prefecture Preveza","D. PREBEZHS_1"
"Athens - West Nea Chalkidona","D. NEAS XALKHDONOS"
"Chalkidiki Ormilia","K. METAMORFVSEVS_5"
"Thessaloniki - Suburbs Sikies","D. SYKEVN_2"
"Lakonia Elafonisos","K. ELAFONHSOY_3"
"Kozani Prefecture Servia","K. BAUYLAKKOY_3"
"Drama Prefecture Drama","D. DRAMAS_2"
"Aetolia & Acarnania Makrineia","K. GRAMMATIKOYS"
"Ioannina Prefecture Anatoli","K. ANATOLHS_2"
"Rest of Attica Fili","D. FYLHS"
"Evia Lilantio","K. AGIOY NIKOLAOY_3"
"Magnesia Pteleos","K. PTELEOY"
"Heraklion Prefecture Gortina","K. PHGAIDAKIVN_1"
"Achaia Fares","K. FARVN"
"Athens - Center Goudi","D. AUHNAIVN"
"Arcadia Levidi","D. LEBIDIOY"
"Sporades Skiathos","D. SKIAUOY (EDRA EPI THS OMVNYMOY NHSOY)_3"
"Xanthi Prefecture Avdira","K. ABDHRVN"
"Athens - North Pefki","D. PEYKHS"
"Boeotia Schimatari","K. SXHMATARIOY"
"Achaia Olenia","K. AGIOY STEFANOY_3"
"Fokida Tolofona","K. ERATEINHS"
"Achaia Aigeira","K. AIGEIRAS"
"Thessaloniki - Suburbs Pefka","D. SYKEVN_1"
"Evros Orestiada","D. ORESTIADOS"
"Chania Prefecture Therisos","K. AGIAS_4"
"Thesprotia Perdika","K. PERDIKAS_4"
"Rest of Attica Nea Peramos (Megalo Pefko)","K. NEAS PERAMOY_1"
"Achaia Egialia","K. LOGGOY_1"
"Argolis Koutsopodi","K. KOYTSOPODIOY"
"Kavala Prefecture Chrisoupoli","D. XRYSOYPOLEVS"
"Lakonia Oitilos","K. OITYLOY"
"Athens - North Anoixi","K. ANOIJEVS"
"Messinia Epia","K. XRANVN_2"
"Thesprotia Paramithia","D. PARAMYUIAS"
"Kilkis Prefecture Axioupoli","D. AJIOYPOLEVS"
"Magnesia Karla","K. RIZOMYLOY_2"
"Chalkidiki Toroni","K. SYKEAS_6"
"Evia Avlida","K. BAUEOS_2"
"Thessaloniki - Municipality Triandria - Doxa","D. TRIANDRIAS"
"Athens - South Imittos","D. YMHTTOY"
"Messinia Pilos","D. PYLOY_1"
"Chalkidiki Anthemountas","K. GALATISTHS"
"Ioannina Prefecture Timfi","K. TSEPELOBOY_1"
"Pella Aridaia","D. ARIDAIAS"
"Zante Alikes","K. PHGADAKIVN_2"
"Rest of Attica Legrena","D. LAYREVTIKHS_2"
"Athens - North Lykovrisi","K. LYKOBRYSEVS"
"Athens - North Agios Stefanos","K. AGIOY STEFANOY_1"
"Dodecanese Leipsoi","D. LEICVN (NHSOS)_6"
"Chania Prefecture Keramia","K. PLATYBOLAS"
"Athens - West Agia Varvara","D. AGIAS BARBARAS"
"Phthiotis Îalesinis","K. MALESINHS"
"Heraklion Prefecture Gorgolaini","K. AGIOY MYRVNOS"
"Magnesia Afetes","K. NEOXVRIOY_73"
"Magnesia Feron","D. BELESTINOY"
"Lakonia East Mani","K. EJV NYMFIOY"
"Fokida Efpalio","K. MANAGOYLHS"
"Thessaloniki - Rest of Prefecture Maditos","K. NEAS MADYTOY"
"Cyclades Ios","K. IOY (NHSOS)_2"
"Xanthi Prefecture Topeiro","K. ERASMIOY"
"Corinthia Evrostini","K. DERBENIOY"
"Arta Prefecture Arta","D. ARTAIVN"
"Aetolia & Acarnania Stratos","K. FYTEIVN"
"Rest of Attica Com. Skalas Oropou","K. SKALAS VRVPOY_2"
"Evia Oreoi","K. VREVN"
"Thessaloniki - Rest of Prefecture Rentina","K. STAYROY_8"
"Arcadia Vitina","K. BYTINHS"
"Heraklion Prefecture Kastelli","K. ARXAGGELOY_6"
"Messinia Ithomi","K. ARSINOHS"
"Dodecanese Kalimnos","D. KALYMNIVN (EPI THS OMVNYMOY NHSOY)_2"
"Argosaronikos islands Agkistri","K. AGKISTRIOY (NHSOS)_2"
"Aetolia & Acarnania Navpaktos","D. NAYPAKTOY"
"Athens - Center Agios Eleftherios - Probona - Rizoupoli","D. AUHNAIVN"
"Larissa Prefecture Melivoia","K. MELIBOIAS"
"Ilia Kastro Killinis","K. KASTROY_2"
"Ilia Zacharo","K. SXINVN"
"Evia Dirfis","K. KAUENVN"
"Pella Exaplatanos","K. EJAPLATANOY"
"Rest of Attica Avlona","D. AYLVNOS"
"Imathia Apostolos Pavlos","K. MAKROXVRIOY_1"
"Evia Avlona","K. AXLADERHS"
"Evia Tamines","K. AGIOY IVANNOY_1"
"Evia Marmari","K. MARMARIOY_1"
"Preveza Prefecture Zaloggo","K. KANALIOY_2"
"Kavala Prefecture Eleftheroupoli","D. ELEYUEROYPOLEVS"
"Aetolia & Acarnania Antirrio","D. ANTIRRIOY"
"Arcadia Skiritida","K. BLAXOKERASEAS"
"Evia Eretria","D. ERETRIAS_1"
"Samos Prefecture Fourni Korsoi","K. FOYRNVN (EDRA EPI THS OMVNYMOY NHSOY)_14"
"Athens - North Melissia","D. MELISSIVN"
"Cyclades Sikinos","K. SIKINOY (NHSOS)_1"
"Kozani Prefecture Ptolemaida","D. PTOLEMAIDOS"
"Larissa Prefecture Platikampos","K. GALHNHS (ANV PLATYKAMPOY)"
"Phthiotis Molos","K. SKARFEIAS"
"Rest of Attica Vilia","D. BILIVN"
"Heraklion Prefecture Tetrachori","K. KERASIVN"
"Larissa Prefecture Giannouli","K. GIANNOYLHS"
"Argolis Midea","D. MIDEAS"
"Arta Prefecture Xirovouni","K. RODAYGHS"
"Evia Distos","K. PETRIVN_1"
"Aetolia & Acarnania Îeapoli","D. NEAPOLHS"
"Arta Prefecture Athamanio","K. BOYRGARELIOY"
"Serres Prefecture Sidirokastro","D. SIDHROKASTROY_1"
"Sporades Skiros","D. SKYROY (NHSOS)_21"
"Messinia Filiatra","D. FILIATRVN"
"Arcadia Mantineia","K. NESTANHS"
"Trikala Prefecture Aithikoi","K. ELATHS_4"
"Serres Prefecture Kato Mitrousi","K. BAMBAKIAS"
"Trikala Prefecture Kalampaka","K. KASTRAKIOY_5"
"Imathia Plati","K. PLATEOS_3"
"Karditsa Prefecture Plastiras","K. NEOXVRIOY_3"
"Magnesia Sourpi","K. AMALIAPOLEVS_1"
"Heraklion Prefecture Timpaki","K. KAMHLARIOY"
"Kozani Prefecture Elimeia","K. ANV KVMHS"
"Lasithi Prefecture Vrachasi","K. BRAXASIOY"
"Kilkis Prefecture Livadia","K. LIBADIVN_1"
"Imathia Vergina","K. PALATITSIVN"
"Aetolia & Acarnania Thermos","K. AGIAS SOFIAS_1"
"Arta Prefecture Vlacherna","K. BLAXERNHS_2"
"Ioannina Prefecture Zitsa","K. ZITSHS"
"Kavala Prefecture Pierea","K. MESOROPHS"
"Lesvos Prefecture Lesvos - Evergetoula","K. KATV TRITOYS"
"Imathia Alexandreia","D. ALEJANDREIAS"
"Cyclades Anafi","K. ANAFHS (NHSOS)_1"
"Pella Meniida","K. KALLIPOLEVS"
"Serres Prefecture Visaltia","K. DHMHTRITSIOY"
"Arcadia Tropaia","K. TROPAIVN_2"
"Thessaloniki - Rest of Prefecture Koroneia","K. GERAKAROYS"
"Preveza Prefecture Fanari","K. LOYTSHS"
"Larissa Prefecture Kileler","K. KILELER (KYCELHS)"
"Lakonia Voion","K. NEAPOLEVS_2"
"Evia Limni","D. LIMNHS"
"Aetolia & Acarnania Alizia","K. ARXONTOXVRIOY"
"Pella Pella","K. AGIOY AUANASIOY_5"
"Aetolia & Acarnania Astakos","K. ASTAKOY"
"Lesvos Prefecture Lesvos - Petra","K. STYCHS"
"Heraklion Prefecture Moires","D. MOIRVN"
"Thessaloniki - Rest of Prefecture Apollonia","K. PERISTERVNAS"
"Ioannina Prefecture Passarona","K. ELEOYSHS_1"
"Rest of Attica Markopoulo Oropou","K. MARKOPOYLOY VRVPOY"
"Cyclades Koufonisia","K. KOYFONHSIVN (NHSIA)_2"
"Argolis Asklipieio","K. LYGOYRIOY (ASKLHPEIIOY)"
"Aetolia & Acarnania Thesties","K. PANAITVLIOY"
"Lesvos Prefecture Limnos - Mirina","D. MYRINAIVN_1"
"Imathia Meliki","K. MELIKHS"
"Kavala Prefecture Oreino","K. MAKRYXVRIOY_4"
"Sporades Alonnisos","K. ALONNHSOY (EDRA EPI THS OMVNYMOY NHSOY)_35"
"Athens - North Rodopoli","K. DIONYSOY_1"
"Larissa Prefecture Evrimeno","K. STOMIOY_3"
"Larissa Prefecture Agia","K. AGIAS_2"
"Argolis Nea Kios","K. NEAS KIOY_1"
"Argolis Mycenae","K. FIXTIOY"
"Evrytania Potamias","K. MEGALOY XVRIOY"
"Heraklion Prefecture Temenos","K. AGIOY SYLLA"
"Chania Prefecture Sfakia","K. ASFENDOY"
"Dodecanese Megisti","D. MEGISTHS (NHSOS)_1"
"Pieria Prefecture Dion","D. LITOXVROY"
"Cyclades Iraklias","K. HRAKLEIAS (NHSOS)_1"
"Heraklion Prefecture Kofinas","K. SOKARA"
"Rest of Attica Kouvaras","K. KOYBARA"
"Arcadia Trikolonio","K. STEMNITSHS_1"
"Corinthia Feneos","K. FENEOY"
"Arcadia Tegea","K. STADIOY"
"Aetolia & Acarnania Amfilochia","D. AMFILOXIAS_2"
"Evros Samothraki","D. SAMOURAKHS"
"Lasithi Prefecture Makris Gialos","K. AGIOY STEFANOY_4"
"Fokida Gravia","K. MARIOLATAS"
"Kilkis Prefecture Kroussoi","K. ELLHNIKOY_2"
"Thessaloniki - Municipality Xirokrini - Panagia Faneromeni","D. UESSALONIKHS"
"Chalkidiki Arnaia","D. ARNAIAS"
"Grevena Grevena","D. GREBENVN"
"Larissa Prefecture Nikaia","K. NIKAIAS"
"Arcadia Leonidio","K. POYLIURVN"
"Evia Kimi","D. KYMHS_1"
"Arcadia Megalopoli","D. MEGALOPOLEVS"
"Thessaloniki - Rest of Prefecture Chalkidona","K. XALKHDONOS"
"Larissa Prefecture Olimpos","K. KALLIUEAS_19"
"Chalkidiki Panagia","K. PYRGADIKIVN"
"Arcadia Falanthos","K. ALVNISTAINHS"
"Cyclades Kimolos","K. KIMVLOY (EDRA THS OMVNYMOY NHSOY)_2"
"Florina Prefecture Amintaio","K. PETRVN"
"Lakonia Therapni","K. GKORITSAS_2"
"Fokida Amfissa","D. AMFISSHS"
"Arta Prefecture Amvrakia","K. KONOPINAS"
"Evrytania Agrafa","K. AGRAFVN_1"
"Argosaronikos islands Methana","D. LOYTROPOLEVS MEUANVN"
"Ioannina Prefecture Kalpakio","D. IVANNITVN"
"Phthiotis Atalanti","D. ATALANTHS_1"
"Boeotia Thisvi","K. STEIRIOY"
"Phthiotis Makrakomi","K. ARXANIOY"
"Lakonia Krokees","K. KROKEVN"
"Arcadia Dimitsana","K. DHMHTSANHS"
"Serres Prefecture Nigrita","D. NIGRITHS"
"Chania Prefecture Krionerida","K. BRYSVN_5"
"Thessaloniki - Rest of Prefecture Vertiskos","K. OSSHS_2"
"Ioannina Prefecture Mpizanio","K. PEDINHS"
"Arta Prefecture Agnanta","K. AGNANTVN_2"
"Heraklion Prefecture Episkopi","K. EPISKOPHS_5"
"Thessaloniki - Rest of Prefecture Kallindoia","K. ZAGKLIBERIOY"
"Chania Prefecture Pelekanos","K. PALAIOXVRAS_2"
"Phthiotis Pelasgia","K. GLYFAS"
"Ilia Vartholomio","D. BARUOLOMIOY"
"Messinia Nestoras","D. XVRAS"
"Rodopi Prefecture Sostis","K. ASVMATVN"
"Evros Didimoticho","D. DIDYMOTEIXOY"
"Athens - East Grammatiko","K. GRAMMATIKOY_1"
"Messinia Oichalia","K. OIXALIAS"
"Magnesia Almiros","D. ALMYROY"
"Chania Prefecture Georgioupoli","K. GEVRGIOYPOLEVS"
"Heraklion Prefecture Tilisos","K. TYLISOY"
"Drama Prefecture Prosotsani","D. PROSOTSANHS"
"Chania Prefecture Mousouroi","K. ALIKIANOY"
"Messinia Avlona","K. KALOY NEROY"
"Heraklion Prefecture Asterousia","K. AXENTRIA"
"Kilkis Prefecture Polikastro","D. POLYKASTROY"
"Boeotia Plateon","K. KAPARELLIOY_1"
"Imathia Eirinoupoli","D. EIRHNOYPOLHS"
"Aetolia & Acarnania Anaktorio","D. BONITSHS_2"
"Pella Kirros","K. MYLOTOPOY_1"
"Chania Prefecture Innachori","K. BAUHS_2"
"Thessaloniki - Rest of Prefecture Lachanas","K. LAXANA"
"Dodecanese Patmos","D. PATMOY (NHSOS)_5"
"Larissa Prefecture Kato Olimpos","K. AIGANHS"
"Aetolia & Acarnania Apodotia","K. KATV XVRAS"
"Thessaloniki - Suburbs Chalastra","D. XALASTRAS (PYRGOY)_1"
"Rest of Attica Magoula","K. MAGOYLAS_1"
"Serres Prefecture Agkistro","K. AGKISTROY"
"Thessaloniki - Rest of Prefecture Sochos","D. SOXOY"
"Pella Vegoritida","K. AGIOY AUANASIOY_5"
"Boeotia Kiriaki","K. KYRIAKIOY_1"
"Trikala Prefecture Paralithaioi","K. RIZVMATOS"
"Rethymno Prefecture Lappa","D. EPISKOPHS"
"Thesprotia Parapotamos","D. PARAPOTAMOY_1"
"Ilia Lechaina","D. LEXAINVN"
"Lakonia Oinountas","K. SELLASIAS"
"Lesvos Prefecture Lesvos - Plomari","D. PLVMARIOY"
"Arta Prefecture Arachthos","K. AGIAS PARASKEYHS_7"
"Lakonia Asopos","K. PAPPADIANIKVN"
"Ioannina Prefecture Matsouki","K. MATSOYKIOY_2"
"Evrytania Domnista","K. AMPLIANHS (STAYROPHGIOY)"
"Serres Prefecture Irakleia","D. HRAKLEIAS"
"Messinia Androusa","D. ANDROYSHS"
"Serres Prefecture Achinos","K. XOYMNIKOY"
"Phthiotis Domokos","K. MAKROLIBADOY"
"Chios Prefecture Oinousses","D. OINOYSSVN (EPI THS OMVNYMOY NHSOY)_1"
"Evros Tichero","D. TYXEROY"
"Evia Artemisio","K. ARTEMISIOY_2"
"Phthiotis Ipati","K. MEJIATVN"
"Lakonia Zarakas","K. KYPARISSIOY_4"
"Cyclades Donousa","K. DONOYSHS (NHSOS)_1"
"Dodecanese Kasos","D. KASOY (NHSOS)_7"
"Corinthia Stimfalia","K. LAYKAS"
"Phthiotis Leianokladi","K. LEIANOKLADIOY"
"Lesvos Prefecture Lesvos - Agiasos","D. AGIASOY"
"Fokida Delfoi","K. XRISSOY (XRYSOY)"
"Larissa Prefecture Elassona","D. ELASSONOS_1"
"Arcadia Gortinia","K. KARITAINHS"
"Aetolia & Acarnania Iera Poli Messologiou","K. GALATA_3"
"Lasithi Prefecture Lefki","K. ZIROY_1"
"Aetolia & Acarnania Fiteies","K. FYTEIVN"
"Karditsa Prefecture Argithea","K. ANUHROY"
"Serres Prefecture Skotoussa","K. MELENIKITSIOY"
"Ioannina Prefecture Metsovo","D. METSOBOY"
"Dodecanese Leros","D. LEROY (NHSOS)_14"
"Kastoria Prefecture Orestida","D. ARGOYS ORESTIKOY"
"Lefkada Prefecture Kastos","K. KASTOY (NHSOS)_2"
"Larissa Prefecture Ampelonas","D. AMPELVNOS"
"Kilkis Prefecture Goumenissa","D. GOYMENISSAS"
"Magnesia Keramidi","K. KERAMIDIOY_1"
"Evia Lichada","K. LIXADOS_9"
"Ilia Skilounta","D. KRESTENVN"
"Kavala Prefecture Paggaio","K. NIKHSIANHS"
"Ilia Vouprasia","K. KOYRTESIOY"
"Lasithi Prefecture Itanos","K. MHTATOY"
"Chania Prefecture Mithimni","K. DRAPANIA"
"Drama Prefecture Sidironero","K. LIBADEROY_1"
"Thesprotia Filiates","D. FILIATVN"
"Evros Traianoupoli","K. ANUEIAS_2"
"Florina Prefecture Aetos","K. AGRILIAS_1"
"Kilkis Prefecture Gallikos","K. NEAS SANTAS_1"
"Aetolia & Acarnania Aggelokastro","K. AGGELOKASTROY_1"
"Florina Prefecture Nimfaio","K. NYMFAIOY"
"Chalkidiki Zervochoria","K. DOYMPIVN"
"Ilia Foloi","K. LALA"
"Achaia Tritaia","K. SKOYRA"
"Boeotia Tanagra","K. ASVPIAS"
"Grevena Ventzi","K. PONTINHS"
"Messinia Chiliochoria","K. XANDRINOY"
"Boeotia Aliartos","D. ALIARTOY"
"Kozani Prefecture Siatista","D. SIATISTHS"
"Corinthia Tenea","K. XILIOMODIOY"
"Ioannina Prefecture Konitsa","D. KONITSHS"
"Ioannina Prefecture Kentriko Zagori","K. ARISTHS"
"Kastoria Prefecture Ion Dragoumis","K. AMPELOKHPVN_3"
"Pieria Prefecture Aiginio","D. AIGINIOY_1"
"Rest of Attica Polydendri","K. POLYDENDRIOY_1"
"Trikala Prefecture Aspropotamos","K. XALIKIOY"
"Messinia Ario","K. ARIOXVRIOY"
"Rest of Attica Agios Constantinos","K. AGIOY KVNSTANTINOY_1"
"Trikala Prefecture Megala Kalivia","K. MEGALVN KALYBIVN"
"Ilia Gastouni","D. GASTOYNHS"
"Karditsa Prefecture Itamos","K. ROYSSOY"
"Karditsa Prefecture Sofades","D. SOFADVN"
"Serres Prefecture Emmanouil Pappas","K. NEOY SOYLIOY"
"Larissa Prefecture Nessonas","K. SYKOYRIOY"
"Ilia Archaia Olimpia","K. PLATANOY_6"
"Argolis Lirkeia","K. KARYAS_4"
"Larissa Prefecture Farsala","D. FARSALVN"
"Ioannina Prefecture Nisos ioanninnon","K. NHSOY IVANNINVN"
"Chania Prefecture Gavdos","K. GAYDOY (NHSOS)_3"
"Larissa Prefecture Armenio","K. ARMENIOY"
"Lakonia Kythira","K. POTAMOY"
"Boeotia Îoronias","K. KORVNEIAS"
"Rest of Attica Zefiri","D. ZEFYRIOY"
"Phthiotis Dafnouses","K. ARKITSAS"
"Aetolia & Acarnania Oiniades","K. PENTALOFOY_1"
"Messinia Andania","K. KVNSTANTINVN"
"Drama Prefecture Kato Nevrokopi","D. KATV NEYROKOPIOY"
"Lasithi Prefecture Oropedio Lasithiou","K. MESA LASIUIOY"
"Evros Feres","D. FERVN_1"
"Larissa Prefecture Karia","K. KARYAS_9"
"Larissa Prefecture Sarantaporo","K. SARANTAPOROY"
"Karditsa Prefecture Nevropoli Agrafon","K. NEOXVRIOY_3"
"Serres Prefecture Lefkonas","K. LEYKVNOS_2"
"Lakonia Farida","K. JHROKAMPIOY"
"Drama Prefecture Kalampaki","K. KALAMPAKIOY"
"Rodopi Prefecture Iasmos","K. NEAS KALLISTHS"
"Lakonia Molaoi","D. MOLAVN"
"Phthiotis Gorgopotamos","K. BARDATVN"
"Cyclades Schoinousa","K. SXOINOYSSHS (NHSOS)_1"
"Drama Prefecture Sitagroi","K. FVTOLIBOYS"
"Dodecanese Nisiros","D. MANDRAKIOY (NHSOS NISYROS)_2"
"Lesvos Prefecture Limnos - Moudros","K. MOYDROY"
"Arta Prefecture Kompotio","D. ARTAIVN"
"Boeotia Orchomenos","D. ORXOMENOY"
"Rest of Attica Oinoi","K. OINOFYTVN"
"Evros Kiprinos","K. KYPRINOY_2"
"Evrytania Ktimeni","K. AGIAS TRIADOS_2"
"Ioannina Prefecture Tzoumerka","K. AGNANTVN_2"
"Ilia Volakas","K. ALFEIOYSHS"
"Kastoria Prefecture Aliakmonas","K. MESOPOTAMIAS_2"
"Karditsa Prefecture Mitropoli","K. GEVRGIKOY"
"Ioannina Prefecture Agios Dimitrios","K. KRYFOBOY"
"Rethymno Prefecture Sivritos","K. PANTANASSHS_4"
"Heraklion Prefecture Îgia Varvara","K. ANV MOYLIVN"
"Chania Prefecture Fre","K. FRE"
"Ioannina Prefecture Pramanta","K. PRAMANTVN"
"Dodecanese Chalki","D. XALKHS (NHSOS)_7"
"Kilkis Prefecture Doirani","K. DROSATOY_2"
"Achaia Leontio","K. LEONTIOY_1"
"Florina Prefecture Meliti","K. SKOPOY"
"Phthiotis Elateia","D. ELATEIAS"
"Larissa Prefecture Koilada","K. ELEYUERVN_1"
"Heraklion Prefecture Zaros","K. ZAROY"
"Pella Kria Vrisi","D. KRYAS BRYSHS"
"Evros Trigono","K. PENTALOFOY_4"
"Lakonia Elos","K. GLYKOBRYSHS"
"Serres Prefecture Nea Zichni","D. NEAS ZIXNHS"
"Arcadia Korithio","K. AGIVRGITIKVN"
"Phthiotis Spercheiada","D. SPERXEIADOS"
"Dodecanese Tilos","K. LIBADIVN (NHSOS THLOS)_2"
"Rodopi Prefecture Neo Sidirochori","K. AGIVN UEODVRVN_4"
"Thessaloniki - Suburbs Axios","K. BRAXIAS"
"Aetolia & Acarnania Inachos","K. XALKIOPOYLVN"
"Lesvos Prefecture Limnos - Nea Koutali","K. KONTIA_1"
"Fokida Lidoriki","K. DVRIKOY_1"
"Trikala Prefecture Pellinaio","K. TAJIARXVN_3"
"Grevena Smixi","K. SMIJHS"
"Evros Soufli","D. SOYFLIOY"
"Heraklion Prefecture Krousonas","K. KROYSVNOS"
"Rest of Attica Sikamino","K. SYKAMINOY"
"Thesprotia Acherontas","K. SKANDALOY"
"Phthiotis Tithorea","K. KATV TIUOREAS"
"Kastoria Prefecture Agia Triada","K. XILIODENDROY"
"Kilkis Prefecture Mouries","K. MOYRIVN"
"Kozani Prefecture Mourikio","D. KOZANHS"
"Ioannina Prefecture Papigko","K. PAPIGKOY"
"Thesprotia Souli","K. XRYSAYGHS_1"
"Larissa Prefecture Tirnavos","D. TYRNABOY_2"
"Fokida Desfina","K. LILAIAS"
"Lesvos Prefecture Lesvos - Agia Paraskevi","K. AGIAS PARASKEYHS_14"
"Pieria Prefecture Elafina","K. PALAIOY KERAMIDIOY"
"Messinia Aristomenis","K. ARISTOMENOYS"
"Lakonia Skala","K. GRAMMOYSHS (AMPELOXVRIOY)"
"Trikala Prefecture Faloreia","K. MEGALOY KEFALOBRYSOY"
"Achaia Kalentzi","K. KALENTZIOY_2"
"Arta Prefecture Georgios Karaiskakis","K. ELATHS_3"
"Aetolia & Acarnania Aitoliko","D. AITVLIKOY_2"
"Arta Prefecture Filothei","K. XALKIADVN_1"
"Larissa Prefecture Polidamantas","K. KATV BASILIKVN"
"Arcadia Falaisia","K. AKOBOY"
"Imathia Antigonides","K. KEFALOXVRIOY_3"
"Boeotia Vagies","K. BAGIVN"
"Trikala Prefecture Malakasi","K. MALAKASHS"
"Chania Prefecture Kantanos","D. KANDANOY"
"Phthiotis Pavliani","K. PAYLIANHS"
"Aetolia & Acarnania Menidi","K. MENIDIOY"
"Karditsa Prefecture Mouzaki","K. KRYOPHGHS_2"
"Trikala Prefecture Farkadona","D. FARKADONOS"
"Trikala Prefecture Ichalias","K. KRHNHS_7"
"Arcadia Valtetsi","K. ASEAS"
"Ioannina Prefecture Molossoi","K. DESPOTIKOY_1"
"Ilia Andravida","D. ANDRABIDAS"
"Kozani Prefecture Vlasti","K. BLASTHS"
"Messinia Dorio","K. DVRIOY"
"Aetolia & Acarnania Paravola","D. PARABOLAS"
"Larissa Prefecture Ampelakia","K. AMPELAKIVN_1"
"Lefkada Prefecture Kalamos","K. KALAMOY (NHSOS)_1"
"Kozani Prefecture Velventos","D. BELBENTOY"
"Larissa Prefecture Krannonas","K. ELEYUERVN_1"
"Ilia Iardanos","K. KATSAROY_1"
"Kastoria Prefecture Nestorio","K. KOTYLHS_1"
"Ilia Pineia","K. OINOHS_2"
"Grevena Theodoros Ziakas","K. POLYNERIOY_1"
"Larissa Prefecture Makrichori","K. MAKRYXVRIOY_3"
"Rethymno Prefecture Kouloukonas","K. KRYONERIOY_13"
"Boeotia Antikira","K. ANTIKYRAS"
"Thesprotia Sagiada","D. FILIATVN"
"Serres Prefecture Alistrati","K. ALISTRATHS"
"Serres Prefecture Petritsi","K. BYRVNEIAS"
"Kozani Prefecture Aiani","K. XRVMIOY"
"Messinia Voufrada","K. PETRITSIOY"
"Karditsa Prefecture Pamisos","K. AGNANTEROY"
"Lesvos Prefecture Limnos - Atsiki","K. KASPAKA"
"Aetolia & Acarnania Platanos","K. AGIOY DHMHTRIOY_1"
"Karditsa Prefecture Kampos","K. KARDITSOMAGOYLAS"
"Xanthi Prefecture Selero","K. SELEROY"
"Ioannina Prefecture Dodoni","K. PERDIKAS_3"
"Lesvos Prefecture Agios Efstratios","D. MYTILHNHS"
"Larissa Prefecture Lakereia","K. ANATOLHS_3"
"Arta Prefecture Kommeno","K. KOMMENOY"
"Pieria Prefecture Petra","K. FVTEINVN"
"Arcadia Kosmas","K. KOSMA"
"Achaia Lefkasio","K. KALLIUEAS_11"
"Trikala Prefecture Pindaio","D. TRIKKAIVN"
"Messinia Eira","K. NEDAS"
"Kozani Prefecture Askio","K. GALATINHS"
"Serres Prefecture Tragilos","K. AGIOY DHMHTRIOY_11"
"Lakonia Niata","K. NIATVN"
"Boeotia Distomo","D. DISTOMOY"
"Karditsa Prefecture Palamas","D. PALAMA"
"Preveza Prefecture Filippiada","K. DRYMVNOS_2"
"Kozani Prefecture Tsotili","D. TSOTILIOY"
"Serres Prefecture Strimoniko","K. STRYMONIKOY"
"Lakonia Karies","K. KARYVN_3"
"Heraklion Prefecture Thrapsano","K. URACANOY"
"Lakonia Geronthres","K. GERAKIOY_2"
"Ioannina Prefecture Vathipedo","K. BAUYPEDOY"
"Arcadia Lagkadia","D. LAGKADIVN"
"Grevena Avdella","K. LABDA"
"Ioannina Prefecture Ekali","K. ASFAKAS"
"Grevena Samarina","K. SAMARINHS"
"Lakonia Pellana","K. PELLANAS"
"Pella Megas Alexandros","K. KARYVTISSHS"
"Serres Prefecture Achladochori","K. AXLADOXVRIOY_4"
"Ioannina Prefecture Sirrako","K. SIRAKOY"
"Evrytania Prousos","K. PROYSOY"
"Kozani Prefecture Ellispontos","K. KAPNOXVRIOY"
"Drama Prefecture Nikiforos","K. ADRIANHS_2"
"Kozani Prefecture Vermio","K. KOMNHNVN_1"
"Ioannina Prefecture Fourka","K. FOYRKAS_1"
