"neighbourh","KWD_YPES"
"Cyclades Paros",9294
"Corinthia Vocha",9242
"Athens - South Nea Smyrni",9200
"Thessaloniki - Suburbs Thermi",9030
"Kavala Prefecture Thasos",9011
"Chalkidiki Kassandra",9057
"Athens - South Vari - Varkiza",9216
"Samos Prefecture Ikaria",9259
"Athens - Center Gazi - Metaxourgio - Votanikos",9186
"Athens - South Glyfada",9196
"Arcadia Tripoli",9241
"Thessaloniki - Suburbs Evosmos",9033
"Athens - North Kifissia",9171
"Dodecanese Rhodes",9296
"Pieria Prefecture Korinos",9047
"Arta Prefecture Peta",9076
"Kavala Prefecture Kavala",9012
"Thessaloniki - Suburbs Thermaikos",9029
"Achaia Patra",9134
"Thessaloniki - Suburbs Vasilika",9030
"Chalkidiki Sithonia",9060
"Athens - Center Exarchia - Neapoli",9186
"Athens - Center Kolonos - Kolokynthous",9186
"Chalkidiki Pallini",9057
"Athens - Center Neos Kosmos",9186
"Athens - Center Kentro",9186
"Athens - North Chalandri",9178
"Rest of Attica Keratea",9219
"Piraeus suburbs Nikaia",9204
"Athens - Center Gizi - Pedion Areos",9186
"Heraklion Prefecture Gazi",9306
"Athens - West Ilion",9182
"Rest of Attica Saronida",9225
"Thessaloniki - Municipality Ano Poli",9031
"Thessaloniki - Suburbs Epanomi",9029
"Athens - Center Pagkrati",9186
"Athens - South Alimos",9195
"Thessaloniki - Municipality Analipsi - Mpotsari - Nea Paralia",9031
"Thessaloniki - Suburbs Echedoros",9028
"Serres Prefecture Serres",9054
"Lefkada Prefecture Lefkada",9121
"Kavala Prefecture Eleitheres",9014
"Aetolia & Acarnania Agrinio",9123
"Lesvos Prefecture Lesvos - Mithimna",9261
"Thessaloniki - Municipality Center of Thessaloniki",9031
"Evros Alexandroupoli",9006
"Athens - Center Ilisia",9186
"Athens - South Agios Dimitrios",9194
"Athens - North Ekali",9171
"Corinthia Nemea",9245
"Argosaronikos islands Hydra",9214
"Athens - East Marathonas",9220
"Phthiotis Lamia",9160
"Chania Prefecture Nea Kidonia",9325
"Chania Prefecture Kissamos",9322
"Athens - East Nea Makri",9220
"Athens - North Papagou",9175
"Ioannina Prefecture Pamvotida",9084
"Chania Prefecture Chania",9325
"Rest of Attica Anavissos",9225
"Thessaloniki - Suburbs Oreokastro",9039
"Corfu Prefecture Corfu",9118
"Kavala Prefecture Orfano",9014
"Athens - West Galatsi",9188
"Athens - Center Petralona",9186
"Rethymno Prefecture Foinikas",9314
"Cyclades Milos",9287
"Messinia Gargalianoi",9258
"Karditsa Prefecture Karditsa",9092
"Zante Laganas",9116
"Argolis Kranidi",9235
"Dodecanese Simi",9297
"Athens - South Kalithea",9198
"Athens - Center Ampelokipoi - Pentagon",9186
"Chania Prefecture Vamos",9319
"Argolis Nafplio",9236
"Thessaloniki - Suburbs Kalamaria",9032
"Argolis Asini",9236
"Athens - South Voula",9216
"Athens - East Gerakas",9223
"Achaia Rio",9134
"Messinia Thouria",9254
"Cyclades Santorini",9270
"Imathia Naousa",9025
"Athens - South Elliniko",9197
"Messinia Koroni",9257
"Lasithi Prefecture Neapoli",9310
"Heraklion Prefecture Arkalochori",9307
"Corinthia Loutraki-Perachora",9244
"Athens - West Peristeri",9183
"Piraeus Kallipoli - Freattida",9205
"Argosaronikos islands Salamina",9211
"Magnesia Volos",9105
"Athens - West Nea Ionia",9174
"Drama Prefecture Doxato",9001
"Pieria Prefecture Katerini",9047
"Cyclades Andros",9268
"Corinthia Saronikos",9243
"Athens - South Zografou",9190
"Lefkada Prefecture Meganisi",9122
"Kefallinia Prefecture Ithaki",9117
"Heraklion Prefecture Heraclion Cretes",9305
"Thessaloniki - Municipality Voulgari - Ntepo - Martiou",9031
"Zante Main town area",9116
"Xanthi Prefecture Xanthi",9017
"Athens - East Paiania",9222
"Chios Prefecture Chios",9266
"Athens - Center Patision - Acharnon",9186
"Cyclades Mykonos",9290
"Thessaloniki - Municipality Toumpa",9031
"Achaia Akrata",9130
"Athens - West Chaidari",9185
"Athens - West Petroupoli",9184
"Rest of Attica Kalivia Thorikou",9225
"Chalkidiki Stagiron - Akanthou",9056
"Rest of Attica Palaia Fokaia",9225
"Zante Elatio",9116
"Piraeus Kaminia - Palaia Kokkinia",9205
"Athens - North Vrilissia",9169
"Athens - South Vouliagmeni",9216
"Athens - North Dionisos",9217
"Athens - West Acharnes",9215
"Athens - Center Kolonaki - Lykavittos",9186
"Thessaloniki - Suburbs Panorama",9037
"Corinthia Assos-Lechaio",9243
"Evia Aidipsos",9150
"Athens - East Koropi",9218
"Thessaloniki - Suburbs Neapoli",9035
"Corinthia Korinthos",9243
"Piraeus Kastella - Passalimani",9205
"Argosaronikos islands Abelakia",9211
"Cyclades Serifos",9288
"Piraeus suburbs Perama",9206
"Piraeus suburbs Tavros",9199
"Lesvos Prefecture Lesvos - Mitilini",9261
"Thessaloniki - Suburbs Pylea",9037
"Evia Chalkida",9155
"Piraeus Piraiki - Chatzikyriakio",9205
"Magnesia Aisonia",9105
"Imathia Veroia",9024
"Corinthia Sikiona",9247
"Messinia Lefktros",9253
"Chania Prefecture Akrotiri",9325
"Cyclades Syros",9300
"Corinthia Soligeia",9243
"Cyclades Naxos - Drimalia",9292
"Piraeus suburbs Agios Ioannis Rentis",9204
"Piraeus Center - Port",9205
"Corfu Prefecture Paxoi",9119
"Thessaloniki - Suburbs Migdonia",9039
"Messinia Avia",9253
"Messinia Kalamata",9254
"Thessaloniki - Suburbs Mikra",9030
"Thessaloniki - Suburbs Kallithea",9039
"Rest of Attica Rafina",9224
"Achaia Paralia",9134
"Athens - Center Kipseli",9186
"Argosaronikos islands Aegina",9208
"Athens - East Artemida (Loutsa)",9226
"Heraklion Prefecture Archanes",9302
"Thessaloniki - Municipality Faliro - Ippokratio",9031
"Rethymno Prefecture Lampi",9314
"Argosaronikos islands Spetses",9212
"Piraeus suburbs Moschato",9199
"Imathia Anthemia",9025
"Athens - East Glika Nera",9222
"Argolis Nea Tirintha",9236
"Arcadia North Kinouria",9237
"Athens - Center Attiki",9186
"Lasithi Prefecture Siteia",9313
"Athens - North Filothei",9177
"Zante Arkadi",9116
"Chalkidiki Triglia",9058
"Thessaloniki - Suburbs Eleftherio-Kordelio",9033
"Achaia Larissos",9131
"Chalkidiki Moudania",9058
"Cyclades Tinos",9301
"Rest of Attica Ano Liosia",9232
"Rest of Attica Markopoulo",9221
"Athens - North Agia Paraskevi",9167
"Heraklion Prefecture Gouves",9309
"Thessaloniki - Rest of Prefecture Agios Georgios",9027
"Pieria Prefecture Methoni",9048
"Chania Prefecture Souda",9325
"Lasithi Prefecture Agios Nikolaos",9310
"Rest of Attica Mandra",9230
"Rest of Attica Lavrio",9219
"Lakonia Sparti",9252
"Samos Prefecture Samos",9264
"Achaia Aigio",9130
"Rethymno Prefecture Geropotamos",9317
"Rest of Attica Sounio",9219
"Boeotia Arachova",9143
"Athens - South Palaio Faliro",9201
"Phthiotis Malesina",9161
"Thessaloniki - Rest of Prefecture Koufalia",9038
"Rodopi Prefecture Komotini",9021
"Corinthia Xilokastro",9246
"Evia Amarinthos",9149
"Messinia Methoni",9257
"Athens - Center Mets - Kalimarmaro",9186
"Thessaloniki - Suburbs Ampelokipoi",9026
"Rethymno Prefecture Nikiforos Fokas",9318
"Piraeus suburbs Koridallos",9203
"Thessaloniki - Municipality Vardaris - Lahanokipi",9031
"Cyclades Sifnos",9289
"Argolis Lerna",9233
"Fokida Parnassos",9165
"Magnesia Portaria",9105
"Fokida Galaxidi",9165
"Heraklion Prefecture Mallia",9309
"Evia Istiaia",9150
"Thessaloniki - Municipality Sfageia - Ichthyoskala",9031
"Xanthi Prefecture Vistonida",9015
"Athens - East Pallini",9223
"Athens - East Spata",9226
"Thessaloniki - Suburbs Michaniona",9029
"Evia Kirea",9153
"Athens - North Cholargos",9175
"Cyclades Naxos",9292
"Corinthia Velo",9242
"Athens - North Stamata",9217
"Piraeus suburbs Keratsini",9202
"Corinthia Agioi Theodoroi",9244
"Piraeus suburbs Drapetsona",9202
"Kilkis Prefecture Kilkis",9040
"Ioannina Prefecture Ioannina",9084
"Dodecanese Astypalea",9275
"Athens - North Neo Psychiko",9177
"Magnesia Nea Agchialos",9105
"Pieria Prefecture Pieria",9047
"Athens - South Ilioupoli",9191
"Serres Prefecture Amfipoli",9049
"Athens - North Drossia",9217
"Athens - North Nea Penteli",9176
"Pella Giannitsa",9044
"Magnesia Artemida",9105
"Ioannina Prefecture Perama",9084
"Athens - West Metamorfosi",9173
"Cyclades Kea",9282
"Chalkidiki Kallikrateia",9058
"Heraklion Prefecture Nea Alikarnassos",9305
"Rest of Attica Afidnes",9227
"Magnesia Nea Ionia Volou",9105
"Xanthi Prefecture Stavroupoli",9017
"Athens - Center Historic Center",9186
"Thessaloniki - Rest of Prefecture Arethousa",9027
"Athens - North Iraklio",9170
"Cyclades Amorgos",9291
"Magnesia Argalasti",9107
"Athens - West Nea Philadelfia",9193
"Argosaronikos islands Trizina",9213
"Evia Karistos",9151
"Athens - North Paleo Psichiko",9177
"Rodopi Prefecture Maroneia",9022
"Rodopi Prefecture Aigeiros",9021
"Dodecanese Kos",9284
"Athens - West Aigaleo",9181
"Chania Prefecture Armenoi",9319
"Florina Prefecture Florina",9072
"Thessaloniki - Suburbs Chortiatis",9037
"Athens - West Agioi Anargiroi",9180
"Evia Stira",9151
"Boeotia Dervenochoria",9147
"Kozani Prefecture Kozani",9068
"Boeotia Akraifnia",9146
"Kavala Prefecture Filippoi",9012
"Athens - Center Poligono - Tourkovounia",9186
"Athens - South Vironas",9187
"Lesvos Prefecture Lesvos - Kalloni",9261
"Boeotia Thiva",9144
"Rest of Attica Com. Kapandriti",9227
"Rest of Attica Pikermi",9224
"Thessaloniki - Suburbs Î. Agiou Pavlou",9035
"Pieria Prefecture Easts Olimpos",9046
"Thessaloniki - Suburbs Polichni",9036
"Chalkidiki Poligiros",9059
"Magnesia Makrinitsa",9105
"Achaia Erineo",9130
"Lesvos Prefecture Lesvos - Mantamados",9261
"Rest of Attica Elefsina",9229
"Athens - Center Ano Patisia",9186
"Trikala Prefecture Trikala",9114
"Athens - West Kamatero",9180
"Athens - North Nea Erithraia",9171
"Messinia Kiparissia",9258
"Chania Prefecture El. Venizelos",9325
"Argolis Ermioni",9235
"Kefallinia Prefecture Kefalonia",9120
"Chania Prefecture Voukolies",9323
"Rest of Attica Com. Malakasa",9227
"Lesvos Prefecture Lesvos - Polichnitos",9261
"Magnesia Trikeri",9107
"Serres Prefecture Kerkini",9055
"Thessaloniki - Rest of Prefecture Agios Athanasios",9038
"Achaia Kalavrita",9133
"Pieria Prefecture Litochoro",9046
"Messinia Meligala",9256
"Chania Prefecture Kolimvari",9323
"Arcadia Apollonas",9240
"Thessaloniki - Suburbs Stavroupoli",9036
"Cyclades Antiparos",9293
"Achaia Messatida",9134
"Evrytania Fragkista",9156
"Piraeus Neo Faliro",9205
"Boeotia Davleia",9145
"Magnesia Milies",9107
"Athens - East Varnavas",9220
"Lasithi Prefecture Ierapetra",9311
"Messinia Petalidi",9255
"Athens - South Kaisariani",9192
"Argolis Argos",9233
"Lesvos Prefecture Lesvos - Loutropoli Thermis",9261
"Magnesia Iolkos",9105
"Chania Prefecture Platanias",9323
"Larissa Prefecture Larisa",9100
"Athens - North Marousi",9168
"Heraklion Prefecture Chersonisos",9309
"Athens - Center Patisia",9186
"Rethymno Prefecture Rethimno",9318
"Achaia Dytikis Achaias",9131
"Thessaloniki - Rest of Prefecture Lagkadas",9034
"Achaia Movri",9131
"Lesvos Prefecture Lesvos - Geras",9261
"Thessaloniki - Suburbs Efkarpia",9036
"Sporades Skopelos",9111
"Boeotia Inofita",9147
"Athens - South Argyroupoli",9197
"Messinia Îetou",9258
"Magnesia Sipiada",9107
"Kilkis Prefecture Cherso",9040
"Argosaronikos islands Poros",9210
"Rest of Attica Kalamos",9227
"Thessaloniki - Municipality 40 Ekklisies - Evaggelistria",9031
"Thesprotia Margariti",9077
"Evros Vissa",9008
"Pella Edessa",9043
"Heraklion Prefecture Nikos Kazantzakis",9302
"Cyclades Kythnos",9283
"Aetolia & Acarnania Chalkeia",9128
"Evia Anthidonos",9155
"Messinia Messini",9255
"Imathia Dovra",9024
"Rest of Attica Com. Nea Palatia",9227
"Athens - North Krioneri",9217
"Lakonia Mistras",9252
"Pieria Prefecture Pidna",9048
"Evia Nea Artaki",9155
"Thessaloniki - Rest of Prefecture Egnatia",9027
"Achaia Diakopto",9130
"Cyclades Folegandros",9273
"Athens - Center Sepolia - Skouze",9186
"Kilkis Prefecture Pikrolimni",9040
"Pieria Prefecture Paralia",9047
"Boeotia Livadeia",9145
"Dodecanese Karpathos",9280
"Thesprotia Sivota",9077
"Phthiotis Kamena Vourla",9163
"Messinia Arfara",9254
"Pella Skidra",9045
"Thessaloniki - Municipality Charilaou",9031
"Evia Messapia",9148
"Heraklion Prefecture Viannos",9303
"Thesprotia Igoumenitsa",9077
"Athens - East Anthousa",9223
"Athens - Center Koukaki - Makrygianni",9186
"Phthiotis Stilida",9164
"Argolis Epidavros",9234
"Magnesia Agria",9105
"Phthiotis Îchineon",9164
"Magnesia Mouresi",9106
"Kastoria Prefecture Kastoria",9063
"Rest of Attica Megara",9231
"Aetolia & Acarnania Kekropia (Palairou)",9124
"Athens - North Penteli",9176
"Thessaloniki - Rest of Prefecture Assiros",9034
"Rest of Attica Oropos",9227
"Thessaloniki - Suburbs Menemeni",9026
"Athens - South Dafni",9189
"Ilia Amaliada",9139
"Evrytania Karpenisi",9157
"Preveza Prefecture Parga",9089
"Rest of Attica Aspropirgos",9228
"Evia Nilea",9153
"Kavala Prefecture Keramoti",9013
"Magnesia Zagora",9106
"Phthiotis Agios Konstantinos",9163
"Phthiotis Amfikleia",9158
"Rodopi Prefecture Sapes",9022
"Lakonia Monemvasia",9251
"Ilia Pirgos",9141
"Rethymno Prefecture Arkadi",9318
"Fokida Itea",9165
"Zante Artemisio",9116
"Piraeus Tabouria - Agia Sofia",9205
"Lakonia Githeio",9248
"Achaia Vrachneika",9134
"Kilkis Prefecture Evropos",9041
"Preveza Prefecture Preveza",9090
"Athens - West Nea Chalkidona",9193
"Chalkidiki Ormilia",9059
"Thessaloniki - Suburbs Sikies",9035
"Lakonia Elafonisos",9249
"Kozani Prefecture Servia",9069
"Drama Prefecture Drama",9002
"Aetolia & Acarnania Makrineia",9123
"Ioannina Prefecture Anatoli",9084
"Rest of Attica Fili",9232
"Evia Lilantio",9155
"Magnesia Pteleos",9104
"Heraklion Prefecture Gortina",9304
"Achaia Fares",9132
"Athens - Center Goudi",9186
"Arcadia Levidi",9241
"Sporades Skiathos",9110
"Xanthi Prefecture Avdira",9015
"Athens - North Pefki",9172
"Boeotia Schimatari",9147
"Achaia Olenia",9131
"Fokida Tolofona",9166
"Achaia Aigeira",9130
"Thessaloniki - Suburbs Pefka",9035
"Evros Orestiada",9008
"Chania Prefecture Therisos",9325
"Thesprotia Perdika",9077
"Rest of Attica Nea Peramos (Megalo Pefko)",9231
"Achaia Egialia",9130
"Argolis Koutsopodi",9233
"Kavala Prefecture Chrisoupoli",9013
"Lakonia Oitilos",9248
"Athens - North Anoixi",9217
"Messinia Epia",9255
"Thesprotia Paramithia",9078
"Kilkis Prefecture Axioupoli",9041
"Magnesia Karla",9108
"Chalkidiki Toroni",9060
"Evia Avlida",9155
"Thessaloniki - Municipality Triandria - Doxa",9031
"Athens - South Imittos",9189
"Messinia Pilos",9257
"Chalkidiki Anthemountas",9059
"Ioannina Prefecture Timfi",9082
"Pella Aridaia",9042
"Zante Alikes",9116
"Rest of Attica Legrena",9219
"Athens - North Lykovrisi",9172
"Athens - North Agios Stefanos",9217
"Dodecanese Leipsoi",9277
"Chania Prefecture Keramia",9325
"Athens - West Agia Varvara",9179
"Phthiotis Îalesinis",9161
"Heraklion Prefecture Gorgolaini",9305
"Magnesia Afetes",9107
"Magnesia Feron",9108
"Lakonia East Mani",9248
"Fokida Efpalio",9166
"Thessaloniki - Rest of Prefecture Maditos",9027
"Cyclades Ios",9271
"Xanthi Prefecture Topeiro",9018
"Corinthia Evrostini",9246
"Arta Prefecture Arta",9073
"Aetolia & Acarnania Stratos",9129
"Rest of Attica Com. Skalas Oropou",9227
"Evia Oreoi",9150
"Thessaloniki - Rest of Prefecture Rentina",9027
"Arcadia Vitina",9238
"Heraklion Prefecture Kastelli",9307
"Messinia Ithomi",9255
"Dodecanese Kalimnos",9276
"Argosaronikos islands Agkistri",9207
"Aetolia & Acarnania Navpaktos",9128
"Athens - Center Agios Eleftherios - Probona - Rizoupoli",9186
"Larissa Prefecture Melivoia",9097
"Ilia Kastro Killinis",9135
"Ilia Zacharo",9138
"Evia Dirfis",9148
"Pella Exaplatanos",9042
"Rest of Attica Avlona",9227
"Imathia Apostolos Pavlos",9024
"Evia Avlona",9152
"Evia Tamines",9152
"Evia Marmari",9151
"Preveza Prefecture Zaloggo",9090
"Kavala Prefecture Eleftheroupoli",9014
"Aetolia & Acarnania Antirrio",9128
"Arcadia Skiritida",9241
"Evia Eretria",9149
"Samos Prefecture Fourni Korsoi",9260
"Athens - North Melissia",9176
"Cyclades Sikinos",9272
"Kozani Prefecture Ptolemaida",9067
"Larissa Prefecture Platikampos",9099
"Phthiotis Molos",9163
"Rest of Attica Vilia",9230
"Heraklion Prefecture Tetrachori",9305
"Larissa Prefecture Giannouli",9100
"Argolis Midea",9236
"Arta Prefecture Xirovouni",9073
"Evia Distos",9152
"Aetolia & Acarnania Îeapoli",9123
"Arta Prefecture Athamanio",9075
"Serres Prefecture Sidirokastro",9055
"Sporades Skiros",9154
"Messinia Filiatra",9258
"Arcadia Mantineia",9241
"Trikala Prefecture Aithikoi",9113
"Serres Prefecture Kato Mitrousi",9054
"Trikala Prefecture Kalampaka",9112
"Imathia Plati",9023
"Karditsa Prefecture Plastiras",9093
"Magnesia Sourpi",9104
"Heraklion Prefecture Timpaki",9308
"Kozani Prefecture Elimeia",9068
"Lasithi Prefecture Vrachasi",9310
"Kilkis Prefecture Livadia",9040
"Imathia Vergina",9024
"Aetolia & Acarnania Thermos",9126
"Arta Prefecture Vlacherna",9073
"Ioannina Prefecture Zitsa",9083
"Kavala Prefecture Pierea",9014
"Lesvos Prefecture Lesvos - Evergetoula",9261
"Imathia Alexandreia",9023
"Cyclades Anafi",9269
"Pella Meniida",9045
"Serres Prefecture Visaltia",9050
"Arcadia Tropaia",9238
"Thessaloniki - Rest of Prefecture Koroneia",9034
"Preveza Prefecture Fanari",9089
"Larissa Prefecture Kileler",9099
"Lakonia Voion",9251
"Evia Limni",9153
"Aetolia & Acarnania Alizia",9129
"Pella Pella",9044
"Aetolia & Acarnania Astakos",9129
"Lesvos Prefecture Lesvos - Petra",9261
"Heraklion Prefecture Moires",9308
"Thessaloniki - Rest of Prefecture Apollonia",9027
"Ioannina Prefecture Passarona",9083
"Rest of Attica Markopoulo Oropou",9227
"Cyclades Koufonisia",9292
"Argolis Asklipieio",9234
"Aetolia & Acarnania Thesties",9123
"Lesvos Prefecture Limnos - Mirina",9263
"Imathia Meliki",9023
"Kavala Prefecture Oreino",9013
"Sporades Alonnisos",9109
"Athens - North Rodopoli",9217
"Larissa Prefecture Evrimeno",9097
"Larissa Prefecture Agia",9097
"Argolis Nea Kios",9233
"Argolis Mycenae",9233
"Evrytania Potamias",9157
"Heraklion Prefecture Temenos",9305
"Chania Prefecture Sfakia",9324
"Dodecanese Megisti",9295
"Pieria Prefecture Dion",9046
"Cyclades Iraklias",9292
"Heraklion Prefecture Kofinas",9304
"Rest of Attica Kouvaras",9225
"Arcadia Trikolonio",9238
"Corinthia Feneos",9247
"Arcadia Tegea",9241
"Aetolia & Acarnania Amfilochia",9125
"Evros Samothraki",9009
"Lasithi Prefecture Makris Gialos",9311
"Fokida Gravia",9165
"Kilkis Prefecture Kroussoi",9040
"Thessaloniki - Municipality Xirokrini - Panagia Faneromeni",9031
"Chalkidiki Arnaia",9056
"Grevena Grevena",9061
"Larissa Prefecture Nikaia",9099
"Arcadia Leonidio",9240
"Evia Kimi",9152
"Arcadia Megalopoli",9239
"Thessaloniki - Rest of Prefecture Chalkidona",9038
"Larissa Prefecture Olimpos",9046
"Chalkidiki Panagia",9056
"Arcadia Falanthos",9241
"Cyclades Kimolos",9286
"Florina Prefecture Amintaio",9070
"Lakonia Therapni",9252
"Fokida Amfissa",9165
"Arta Prefecture Amvrakia",9073
"Evrytania Agrafa",9156
"Argosaronikos islands Methana",9213
"Ioannina Prefecture Kalpakio",9087
"Phthiotis Atalanti",9161
"Boeotia Thisvi",9143
"Phthiotis Makrakomi",9162
"Lakonia Krokees",9250
"Arcadia Dimitsana",9238
"Serres Prefecture Nigrita",9050
"Chania Prefecture Krionerida",9319
"Thessaloniki - Rest of Prefecture Vertiskos",9034
"Ioannina Prefecture Mpizanio",9084
"Arta Prefecture Agnanta",9075
"Heraklion Prefecture Episkopi",9309
"Thessaloniki - Rest of Prefecture Kallindoia",9034
"Chania Prefecture Pelekanos",9321
"Phthiotis Pelasgia",9164
"Ilia Vartholomio",9140
"Messinia Nestoras",9257
"Rodopi Prefecture Sostis",9020
"Evros Didimoticho",9007
"Athens - East Grammatiko",9220
"Messinia Oichalia",9256
"Magnesia Almiros",9104
"Chania Prefecture Georgioupoli",9319
"Heraklion Prefecture Tilisos",9306
"Drama Prefecture Prosotsani",9005
"Chania Prefecture Mousouroi",9323
"Messinia Avlona",9258
"Heraklion Prefecture Asterousia",9302
"Kilkis Prefecture Polikastro",9041
"Boeotia Plateon",9144
"Imathia Eirinoupoli",9025
"Aetolia & Acarnania Anaktorio",9124
"Pella Kirros",9044
"Chania Prefecture Innachori",9322
"Thessaloniki - Rest of Prefecture Lachanas",9034
"Dodecanese Patmos",9279
"Larissa Prefecture Kato Olimpos",9101
"Aetolia & Acarnania Apodotia",9127
"Thessaloniki - Suburbs Chalastra",9028
"Rest of Attica Magoula",9229
"Serres Prefecture Agkistro",9003
"Thessaloniki - Rest of Prefecture Sochos",9034
"Pella Vegoritida",9043
"Boeotia Kiriaki",9145
"Trikala Prefecture Paralithaioi",9114
"Rethymno Prefecture Lappa",9318
"Thesprotia Parapotamos",9077
"Ilia Lechaina",9135
"Lakonia Oinountas",9252
"Lesvos Prefecture Lesvos - Plomari",9261
"Arta Prefecture Arachthos",9076
"Lakonia Asopos",9251
"Ioannina Prefecture Matsouki",9080
"Evrytania Domnista",9157
"Serres Prefecture Irakleia",9052
"Messinia Androusa",9255
"Serres Prefecture Achinos",9050
"Phthiotis Domokos",9159
"Chios Prefecture Oinousses",9265
"Evros Tichero",9010
"Evia Artemisio",9150
"Phthiotis Ipati",9160
"Lakonia Zarakas",9251
"Cyclades Donousa",9292
"Dodecanese Kasos",9281
"Corinthia Stimfalia",9247
"Phthiotis Leianokladi",9160
"Lesvos Prefecture Lesvos - Agiasos",9261
"Fokida Delfoi",9165
"Larissa Prefecture Elassona",9098
"Arcadia Gortinia",9239
"Aetolia & Acarnania Iera Poli Messologiou",9127
"Lasithi Prefecture Lefki",9313
"Aetolia & Acarnania Fiteies",9129
"Karditsa Prefecture Argithea",9091
"Serres Prefecture Skotoussa",9052
"Ioannina Prefecture Metsovo",9086
"Dodecanese Leros",9278
"Kastoria Prefecture Orestida",9065
"Lefkada Prefecture Kastos",9121
"Larissa Prefecture Ampelonas",9102
"Kilkis Prefecture Goumenissa",9041
"Magnesia Keramidi",9108
"Evia Lichada",9150
"Ilia Skilounta",9136
"Kavala Prefecture Paggaio",9014
"Ilia Vouprasia",9135
"Lasithi Prefecture Itanos",9313
"Chania Prefecture Mithimni",9322
"Drama Prefecture Sidironero",9002
"Thesprotia Filiates",9079
"Evros Traianoupoli",9006
"Florina Prefecture Aetos",9258
"Kilkis Prefecture Gallikos",9040
"Aetolia & Acarnania Aggelokastro",9123
"Florina Prefecture Nimfaio",9070
"Chalkidiki Zervochoria",9059
"Ilia Foloi",9137
"Achaia Tritaia",9132
"Boeotia Tanagra",9147
"Grevena Ventzi",9061
"Messinia Chiliochoria",9257
"Boeotia Aliartos",9142
"Kozani Prefecture Siatista",9066
"Corinthia Tenea",9243
"Ioannina Prefecture Konitsa",9085
"Ioannina Prefecture Kentriko Zagori",9082
"Kastoria Prefecture Ion Dragoumis",9065
"Pieria Prefecture Aiginio",9048
"Rest of Attica Polydendri",9227
"Trikala Prefecture Aspropotamos",9112
"Messinia Ario",9254
"Rest of Attica Agios Constantinos",9219
"Trikala Prefecture Megala Kalivia",9114
"Ilia Gastouni",9140
"Karditsa Prefecture Itamos",9092
"Karditsa Prefecture Sofades",9096
"Serres Prefecture Emmanouil Pappas",9051
"Larissa Prefecture Nessonas",9101
"Ilia Archaia Olimpia",9137
"Argolis Lirkeia",9233
"Larissa Prefecture Farsala",9103
"Ioannina Prefecture Nisos ioanninnon",9084
"Chania Prefecture Gavdos",9320
"Larissa Prefecture Armenio",9099
"Lakonia Kythira",9209
"Boeotia Îoronias",9145
"Rest of Attica Zefiri",9232
"Phthiotis Dafnouses",9161
"Aetolia & Acarnania Oiniades",9127
"Messinia Andania",9256
"Drama Prefecture Kato Nevrokopi",9003
"Lasithi Prefecture Oropedio Lasithiou",9312
"Evros Feres",9006
"Larissa Prefecture Karia",9098
"Larissa Prefecture Sarantaporo",9098
"Karditsa Prefecture Nevropoli Agrafon",9093
"Serres Prefecture Lefkonas",9054
"Lakonia Farida",9252
"Drama Prefecture Kalampaki",9001
"Rodopi Prefecture Iasmos",9020
"Lakonia Molaoi",9251
"Phthiotis Gorgopotamos",9160
"Cyclades Schoinousa",9292
"Drama Prefecture Sitagroi",9005
"Dodecanese Nisiros",9285
"Lesvos Prefecture Limnos - Moudros",9263
"Arta Prefecture Kompotio",9073
"Boeotia Orchomenos",9146
"Rest of Attica Oinoi",9147
"Evros Kiprinos",9008
"Evrytania Ktimeni",9157
"Ioannina Prefecture Tzoumerka",9075
"Ilia Volakas",9141
"Kastoria Prefecture Aliakmonas",9063
"Karditsa Prefecture Mitropoli",9092
"Ioannina Prefecture Agios Dimitrios",9081
"Rethymno Prefecture Sivritos",9315
"Heraklion Prefecture Îgia Varvara",9304
"Chania Prefecture Fre",9319
"Ioannina Prefecture Pramanta",9080
"Dodecanese Chalki",9299
"Kilkis Prefecture Doirani",9040
"Achaia Leontio",9132
"Florina Prefecture Meliti",9072
"Phthiotis Elateia",9158
"Larissa Prefecture Koilada",9100
"Heraklion Prefecture Zaros",9308
"Pella Kria Vrisi",9044
"Evros Trigono",9008
"Lakonia Elos",9250
"Serres Prefecture Nea Zichni",9053
"Arcadia Korithio",9241
"Phthiotis Spercheiada",9162
"Dodecanese Tilos",9298
"Rodopi Prefecture Neo Sidirochori",9021
"Thessaloniki - Suburbs Axios",9028
"Aetolia & Acarnania Inachos",9125
"Lesvos Prefecture Limnos - Nea Koutali",9263
"Fokida Lidoriki",9166
"Trikala Prefecture Pellinaio",9115
"Grevena Smixi",9061
"Evros Soufli",9010
"Heraklion Prefecture Krousonas",9306
"Rest of Attica Sikamino",9227
"Thesprotia Acherontas",9078
"Phthiotis Tithorea",9158
"Kastoria Prefecture Agia Triada",9063
"Kilkis Prefecture Mouries",9040
"Kozani Prefecture Mourikio",9068
"Ioannina Prefecture Papigko",9082
"Thesprotia Souli",9078
"Larissa Prefecture Tirnavos",9102
"Fokida Desfina",9165
"Lesvos Prefecture Lesvos - Agia Paraskevi",9261
"Pieria Prefecture Elafina",9047
"Messinia Aristomenis",9255
"Lakonia Skala",9250
"Trikala Prefecture Faloreia",9114
"Achaia Kalentzi",9132
"Arta Prefecture Georgios Karaiskakis",9074
"Aetolia & Acarnania Aitoliko",9127
"Arta Prefecture Filothei",9073
"Larissa Prefecture Polidamantas",9103
"Arcadia Falaisia",9239
"Imathia Antigonides",9023
"Boeotia Vagies",9144
"Trikala Prefecture Malakasi",9227
"Chania Prefecture Kantanos",9321
"Phthiotis Pavliani",9160
"Aetolia & Acarnania Menidi",9125
"Karditsa Prefecture Mouzaki",9094
"Trikala Prefecture Farkadona",9115
"Trikala Prefecture Ichalias",9115
"Arcadia Valtetsi",9241
"Ioannina Prefecture Molossoi",9083
"Ilia Andravida",9135
"Kozani Prefecture Vlasti",9067
"Messinia Dorio",9256
"Aetolia & Acarnania Paravola",9123
"Larissa Prefecture Ampelakia",9101
"Lefkada Prefecture Kalamos",9121
"Kozani Prefecture Velventos",9069
"Larissa Prefecture Krannonas",9099
"Ilia Iardanos",9141
"Kastoria Prefecture Nestorio",9064
"Ilia Pineia",9139
"Grevena Theodoros Ziakas",9061
"Larissa Prefecture Makrichori",9101
"Rethymno Prefecture Kouloukonas",9317
"Boeotia Antikira",9143
"Thesprotia Sagiada",9079
"Serres Prefecture Alistrati",9053
"Serres Prefecture Petritsi",9055
"Kozani Prefecture Aiani",9068
"Messinia Voufrada",9255
"Karditsa Prefecture Pamisos",9094
"Lesvos Prefecture Limnos - Atsiki",9263
"Aetolia & Acarnania Platanos",9128
"Karditsa Prefecture Kampos",9092
"Xanthi Prefecture Selero",9015
"Ioannina Prefecture Dodoni",9081
"Lesvos Prefecture Agios Efstratios",9261
"Larissa Prefecture Lakereia",9097
"Arta Prefecture Kommeno",9076
"Pieria Prefecture Petra",9047
"Arcadia Kosmas",9240
"Achaia Lefkasio",9134
"Trikala Prefecture Pindaio",9114
"Messinia Eira",9256
"Kozani Prefecture Askio",9066
"Serres Prefecture Tragilos",9050
"Lakonia Niata",9250
"Boeotia Distomo",9143
"Karditsa Prefecture Palamas",9095
"Preveza Prefecture Filippiada",9126
"Kozani Prefecture Tsotili",9066
"Serres Prefecture Strimoniko",9052
"Lakonia Karies",9252
"Heraklion Prefecture Thrapsano",9307
"Lakonia Geronthres",9250
"Ioannina Prefecture Vathipedo",9080
"Arcadia Lagkadia",9238
"Grevena Avdella",9061
"Ioannina Prefecture Ekali",9083
"Grevena Samarina",9082
"Lakonia Pellana",9252
"Pella Megas Alexandros",9044
"Serres Prefecture Achladochori",9055
"Ioannina Prefecture Sirrako",9080
"Evrytania Prousos",9157
"Kozani Prefecture Ellispontos",9068
"Drama Prefecture Nikiforos",9004
"Kozani Prefecture Vermio",9067
"Ioannina Prefecture Fourka",9085
